local_path,url,doc_type,category,title,http_status,bytes,page_count,has_text_layer,table_detected,notes
data/raw/pdfs/ZPPA-MPI-2025-Q4.pdf,https://www.luanshyacouncil.gov.zm/wp-content/uploads/2025/12/ZPPA-MPI-2025-Q4.pdf,pdf,misc,Market Price Index Q4 2025 (ZPPA),200,1817853,73.0,True,True,
data/raw/pdfs/LUANSHYA-BUDGET-2025.pdf,https://www.luanshyacouncil.gov.zm/wp-content/uploads/2025/04/LUANSHYA-BUDGET-2025.pdf,pdf,budget_financial,2025 Output Based Annual Budget,200,853903,69.0,True,True,
data/raw/pdfs/SOP_Community_Sport_Final_Signed.pdf,https://www.luanshyacouncil.gov.zm/wp-content/uploads/2025/03/SOP_Community_Sport_Final_Signed.pdf,pdf,misc,SOP Community Sport (Min. of Youth Sport and Arts),200,935986,33.0,True,False,
data/raw/pdfs/Financial-Statements-2023-1.pdf,https://www.luanshyacouncil.gov.zm/wp-content/uploads/2024/12/Financial-Statements-2023-1.pdf,pdf,budget_financial,Financial Statements 2023,200,1749538,39.0,True,False,
data/raw/pdfs/Auditors-Report-2023.pdf,https://www.luanshyacouncil.gov.zm/wp-content/uploads/2024/12/Auditors-Report-2023.pdf,pdf,budget_financial,Auditors Report 2023,200,360593,3.0,False,False,
data/raw/pdfs/2025-SKILLS-LUANSHYA-CONSTITUENCY.pdf,https://www.luanshyacouncil.gov.zm/wp-content/uploads/2024/12/2025-SKILLS-LUANSHYA-CONSTITUENCY.pdf,pdf,cdf_beneficiary_list,2025 Skills Development - Luanshya Constituency,200,141699,1.0,True,True,
data/raw/pdfs/2025-SECONDARY-BURSARIES-LUANSHYA-CONSTITUENCY.pdf,https://www.luanshyacouncil.gov.zm/wp-content/uploads/2024/12/2025-SECONDARY-BURSARIES-LUANSHYA-CONSTITUENCY.pdf,pdf,cdf_beneficiary_list,2025 Secondary Bursaries - Luanshya Constituency,200,50164,1.0,True,True,
data/raw/pdfs/LMC-Financial-Statement-2022.pdf,https://www.luanshyacouncil.gov.zm/wp-content/uploads/2024/09/LMC-Financial-Statement-2022.pdf,pdf,budget_financial,Financial Statement 2022,200,3084564,40.0,True,False,
data/raw/pdfs/The-Urban-and-Regional-Planning-Act-2015.pdf,https://www.luanshyacouncil.gov.zm/wp-content/uploads/2023/11/The-Urban-and-Regional-Planning-Act-2015.pdf,pdf,legal_regulatory,The-Urban-and-Regional-Planning-Act-2015.pdf,200,123463,58.0,True,False,
data/raw/pdfs/The-Local-Government-Act-No.-2-of-2019.pdf,https://www.luanshyacouncil.gov.zm/wp-content/uploads/2023/11/The-Local-Government-Act-No.-2-of-2019.pdf,pdf,legal_regulatory,The-Local-Government-Act-No.-2-of-2019.pdf,200,213519,56.0,True,False,
data/raw/pdfs/Liqour-Licensing-Act-2011.pdf,https://www.luanshyacouncil.gov.zm/wp-content/uploads/2023/11/Liqour-Licensing-Act-2011.pdf,pdf,legal_regulatory,Liqour-Licensing-Act-2011.pdf,200,75885,29.0,True,False,
data/raw/pdfs/LUANSHYA-DISTRICT-INTEGRATED-DEVELOPMENT-PLAN-2023-2033.pdf,https://www.luanshyacouncil.gov.zm/wp-content/uploads/2023/11/LUANSHYA-DISTRICT-INTEGRATED-DEVELOPMENT-PLAN-2023-2033.pdf,pdf,idp,Luanshya District Integrated Development Plan 2023-2033,200,6068450,170.0,True,True,
data/raw/pages/page_959.html,https://www.luanshyacouncil.gov.zm/?page_id=959,page,nav_page,Publications,200,127493,,,,
data/raw/pages/page_792.html,https://www.luanshyacouncil.gov.zm/?page_id=792,page,nav_page,Services,200,101215,,,,
data/raw/pages/page_3525.html,https://www.luanshyacouncil.gov.zm/?page_id=3525,page,nav_page,CDF,200,124105,,,,
data/raw/pages/page_275.html,https://www.luanshyacouncil.gov.zm/?page_id=275,page,nav_page,Contact Us,200,96804,,,,
data/raw/pages/page_2072.html,https://www.luanshyacouncil.gov.zm/?page_id=2072,page,nav_page,Homepage,200,123877,,,,
data/raw/pages/page_1548.html,https://www.luanshyacouncil.gov.zm/?page_id=1548,page,nav_page,About Luanshya Town,200,104068,,,,
data/raw/pages/page_118.html,https://www.luanshyacouncil.gov.zm/?page_id=118,page,nav_page,Who We Are,200,99914,,,,
data/raw/news/p4439.html,https://www.luanshyacouncil.gov.zm/?p=4439,news,news,p4439,200,101384,,,,
data/raw/news/p4436.html,https://www.luanshyacouncil.gov.zm/?p=4436,news,news,p4436,200,101412,,,,
data/raw/news/p4433.html,https://www.luanshyacouncil.gov.zm/?p=4433,news,news,p4433,200,97737,,,,
data/raw/news/p4430.html,https://www.luanshyacouncil.gov.zm/?p=4430,news,news,p4430,200,99292,,,,
data/raw/news/p4373.html,https://www.luanshyacouncil.gov.zm/?p=4373,news,news,CB PS Mwanza calls for stronger local authorities,200,104559,,,,
data/raw/news/p4367.html,https://www.luanshyacouncil.gov.zm/?p=4367,news,news,TC Ndilema technocrats visit Roan/Luanshya PCEI CDF solar plants,200,104681,,,,
data/raw/news/p4263.html,https://www.luanshyacouncil.gov.zm/?p=4263,news,news,ECZ tips aspiring candidates on adoption certificates,200,102676,,,,
data/raw/news/p4221.html,https://www.luanshyacouncil.gov.zm/?p=4221,news,news,K24 million Luanshya/Roan CDF projects commissioned,200,104202,,,,
data/raw/news/p4208.html,https://www.luanshyacouncil.gov.zm/?p=4208,news,news,Full council meeting in pictures,200,97293,,,,
data/raw/news/p4199.html,https://www.luanshyacouncil.gov.zm/?p=4199,news,news,Schools feeding program boost - DDCC members,200,105968,,,,
data/raw/news/p4156.html,https://www.luanshyacouncil.gov.zm/?p=4156,news,news,New bus terminus - CBD traffic management by-law,200,100978,,,,
data/raw/news/p4123.html,https://www.luanshyacouncil.gov.zm/?p=4123,news,news,International Women's Day - LMC female employees,200,96353,,,,
data/raw/news/p4088.html,https://www.luanshyacouncil.gov.zm/?p=4088,news,news,Luanshya CDF resolves to fund K10 million PCEI solar plant,200,100522,,,,
data/raw/news/p3993.html,https://www.luanshyacouncil.gov.zm/?p=3993,news,news,Authorities welcome new Luanshya TC Collins Ndilema,200,100671,,,,
data/raw/news/p3975.html,https://www.luanshyacouncil.gov.zm/?p=3975,news,news,Mayor visits Mipundu area after heavy rains,200,96797,,,,
data/raw/news/p1468.html,https://www.luanshyacouncil.gov.zm/?p=1468,news,news,308 Mpelembe ward households benefit from cash for work,200,93954,,,,
data/raw/pdfs/2021-CouncilorResults.pdf,https://www.elections.org.zm/wp-content/uploads/2022/09/2021-CouncilorResults.pdf,pdf,misc,"2021 Councillor Election Results (ECZ, national)",200,568957,284.0,True,False,
data/raw/pdfs/2026-Business-Stakeholder-Meeting.pdf,http://www.luanshyacouncil.gov.zm/wp-content/uploads/2026/09/2026-Business-Stakeholder-Meeting.pdf,pdf,notice_minutes,2026-Business-Stakeholder-Meeting.pdf,200,5491550,9.0,False,False,
data/raw/pdfs/2026-Budget-Stakeholders-Meeting.pdf,http://www.luanshyacouncil.gov.zm/wp-content/uploads/2026/09/2026-Budget-Stakeholders-Meeting.pdf,pdf,budget_financial,2026-Budget-Stakeholders-Meeting.pdf,200,3877753,7.0,False,False,
data/raw/pdfs/2026-Bi-Annual-Statement.pdf,http://www.luanshyacouncil.gov.zm/wp-content/uploads/2026/09/2026-Bi-Annual-Statement.pdf,pdf,budget_financial,2026-Bi-Annual-Statement.pdf,200,809221,5.0,False,False,
data/raw/pdfs/LMC-OBB_Budget-2026.pdf,http://www.luanshyacouncil.gov.zm/wp-content/uploads/2026/08/LMC-OBB_Budget-2026.pdf,pdf,budget_financial,LMC-OBB_Budget-2026.pdf,200,1116627,57.0,True,True,
data/raw/pdfs/campaign-timetable.pdf,http://www.luanshyacouncil.gov.zm/wp-content/uploads/2026/05/campaign-timetable.pdf,pdf,misc,campaign-timetable.pdf,200,80930,1.0,False,False,
data/raw/pdfs/adoption-certificate-briefing.pdf,http://www.luanshyacouncil.gov.zm/wp-content/uploads/2026/05/adoption-certificate-briefing.pdf,pdf,misc,adoption-certificate-briefing.pdf,200,84957,1.0,False,False,
data/raw/pdfs/accredit-1.pdf,http://www.luanshyacouncil.gov.zm/wp-content/uploads/2026/05/accredit-1.pdf,pdf,misc,accredit-1.pdf,200,477364,3.0,False,False,
data/raw/pdfs/Nomination-Schedule.pdf,http://www.luanshyacouncil.gov.zm/wp-content/uploads/2026/05/Nomination-Schedule.pdf,pdf,misc,Nomination-Schedule.pdf,200,156362,2.0,True,False,
data/raw/pdfs/LUANSHYA-CANDIDATES-FOR-MAYORAL-NATIONAL-ASSEMBLY-COUNCILLORS.pdf,http://www.luanshyacouncil.gov.zm/wp-content/uploads/2026/05/LUANSHYA-CANDIDATES-FOR-MAYORAL-NATIONAL-ASSEMBLY-COUNCILLORS.pdf,pdf,misc,LUANSHYA-CANDIDATES-FOR-MAYORAL-NATIONAL-ASSEMBLY-COUNCILLORS.pdf,200,69448,3.0,True,True,
data/raw/pdfs/CAMPAIGN-TIME-TABLE-LUANSHYA-2026.pdf,http://www.luanshyacouncil.gov.zm/wp-content/uploads/2026/05/CAMPAIGN-TIME-TABLE-LUANSHYA-2026.pdf,pdf,misc,CAMPAIGN-TIME-TABLE-LUANSHYA-2026.pdf,200,342303,6.0,False,False,
data/raw/pdfs/CAMPAIGN-TIME-TABLE-2026.pdf,http://www.luanshyacouncil.gov.zm/wp-content/uploads/2026/05/CAMPAIGN-TIME-TABLE-2026.pdf,pdf,misc,CAMPAIGN-TIME-TABLE-2026.pdf,200,339581,8.0,True,True,
data/raw/pdfs/2026-Secondary-Boarding-Luanshya-Constituency-Second-Batch.pdf,http://www.luanshyacouncil.gov.zm/wp-content/uploads/2026/03/2026-Secondary-Boarding-Luanshya-Constituency-Second-Batch.pdf,pdf,misc,2026-Secondary-Boarding-Luanshya-Constituency-Second-Batch.pdf,200,1891077,3.0,False,False,
data/raw/pdfs/propert-rates-advert-2026.pdf,http://www.luanshyacouncil.gov.zm/wp-content/uploads/2026/02/propert-rates-advert-2026.pdf,pdf,application_form,propert-rates-advert-2026.pdf,200,91950,1.0,False,False,
data/raw/pdfs/SECOND-BATCH-APPROVED-2026-EMPOWERMENT-GRANTS-UNDER-LUANSHYA.pdf,http://www.luanshyacouncil.gov.zm/wp-content/uploads/2026/02/SECOND-BATCH-APPROVED-2026-EMPOWERMENT-GRANTS-UNDER-LUANSHYA.pdf,pdf,cdf_beneficiary_list,SECOND-BATCH-APPROVED-2026-EMPOWERMENT-GRANTS-UNDER-LUANSHYA.pdf,200,2431023,4.0,False,False,
data/raw/pdfs/Property-Owners-DataBase-Update.pdf,http://www.luanshyacouncil.gov.zm/wp-content/uploads/2026/02/Property-Owners-DataBase-Update.pdf,pdf,misc,Property-Owners-DataBase-Update.pdf,200,104210,1.0,False,False,
data/raw/pdfs/New-2026-Skills-Roan-CDF-.pdf,http://www.luanshyacouncil.gov.zm/wp-content/uploads/2026/02/New-2026-Skills-Roan-CDF-.pdf,pdf,cdf_beneficiary_list,New-2026-Skills-Roan-CDF-.pdf,200,4743331,9.0,False,False,
data/raw/pdfs/Job-Advert-ECZ-2026.pdf,http://www.luanshyacouncil.gov.zm/wp-content/uploads/2026/02/Job-Advert-ECZ-2026.pdf,pdf,application_form,Job-Advert-ECZ-2026.pdf,200,907605,2.0,False,False,
data/raw/pdfs/ECZ-JOB-ADVERT.pdf,http://www.luanshyacouncil.gov.zm/wp-content/uploads/2026/02/ECZ-JOB-ADVERT.pdf,pdf,application_form,ECZ-JOB-ADVERT.pdf,200,206869,2.0,False,False,
data/raw/pdfs/ECZ-JOB-ADVERT-2.pdf,http://www.luanshyacouncil.gov.zm/wp-content/uploads/2026/02/ECZ-JOB-ADVERT-2.pdf,pdf,application_form,ECZ-JOB-ADVERT-2.pdf,200,227068,1.0,False,False,
data/raw/pdfs/Data-Entry-Clerks-Employment-Opportunity.pdf,http://www.luanshyacouncil.gov.zm/wp-content/uploads/2026/02/Data-Entry-Clerks-Employment-Opportunity.pdf,pdf,misc,Data-Entry-Clerks-Employment-Opportunity.pdf,200,117353,1.0,False,False,
data/raw/pdfs/Institution-Public-Notice-.pdf,http://www.luanshyacouncil.gov.zm/wp-content/uploads/2026/01/Institution-Public-Notice-.pdf,pdf,notice_minutes,Institution-Public-Notice-.pdf,200,460932,1.0,False,False,
data/raw/pdfs/Approved-list-for-Skills-Development-and.pdf,http://www.luanshyacouncil.gov.zm/wp-content/uploads/2026/01/Approved-list-for-Skills-Development-and.pdf,pdf,cdf_beneficiary_list,Approved-list-for-Skills-Development-and.pdf,200,1839635,3.0,False,False,
data/raw/pdfs/Approved-List-for-Secondary-Boarding-School-and-Skills-Development-Bursaries-for-2026-under-Roan-Constituetency-CDF.pdf,http://www.luanshyacouncil.gov.zm/wp-content/uploads/2026/01/Approved-List-for-Secondary-Boarding-School-and-Skills-Development-Bursaries-for-2026-under-Roan-Constituetency-CDF.pdf,pdf,cdf_beneficiary_list,Approved-List-for-Secondary-Boarding-School-and-Skills-Development-Bursaries-for-2026-under-Roan-Constituetency-CDF.pdf,200,4743331,9.0,False,False,
data/raw/pdfs/Advert-for-Secondary-Boarding-Bursaries.pdf,http://www.luanshyacouncil.gov.zm/wp-content/uploads/2026/01/Advert-for-Secondary-Boarding-Bursaries.pdf,pdf,cdf_beneficiary_list,Advert-for-Secondary-Boarding-Bursaries.pdf,200,687600,1.0,False,False,
data/raw/pdfs/Youth-and-Women-Community-Projects-Application-Forms.pdf,http://www.luanshyacouncil.gov.zm/wp-content/uploads/2025/12/Youth-and-Women-Community-Projects-Application-Forms.pdf,pdf,cdf_project_list,Youth-and-Women-Community-Projects-Application-Forms.pdf,200,848951,7.0,True,True,
data/raw/pdfs/The-Constituency-Development-Fund-Act-No.-11-of-2018-1.pdf,http://www.luanshyacouncil.gov.zm/wp-content/uploads/2025/12/The-Constituency-Development-Fund-Act-No.-11-of-2018-1.pdf,pdf,legal_regulatory,The-Constituency-Development-Fund-Act-No.-11-of-2018-1.pdf,200,59577,16.0,True,False,
data/raw/pdfs/SKILLS-DEVELOPMENT-BURSARY-APPLICATION-FORM.pdf,http://www.luanshyacouncil.gov.zm/wp-content/uploads/2025/12/SKILLS-DEVELOPMENT-BURSARY-APPLICATION-FORM.pdf,pdf,cdf_beneficiary_list,SKILLS-DEVELOPMENT-BURSARY-APPLICATION-FORM.pdf,200,839629,7.0,True,True,
data/raw/pdfs/PUBLIC-NOTICE-2026-ROLLING-OVER-STUDENTS-FOR-SKILLS-DEVELOPMENT-AND-SECONDARY-BOARDING-ROAN-CONSTITUENCY.pdf,http://www.luanshyacouncil.gov.zm/wp-content/uploads/2025/12/PUBLIC-NOTICE-2026-ROLLING-OVER-STUDENTS-FOR-SKILLS-DEVELOPMENT-AND-SECONDARY-BOARDING-ROAN-CONSTITUENCY.pdf,pdf,cdf_beneficiary_list,PUBLIC-NOTICE-2026-ROLLING-OVER-STUDENTS-FOR-SKILLS-DEVELOPMENT-AND-SECONDARY-BOARDING-ROAN-CONSTITUENCY.pdf,200,18059517,30.0,False,False,
data/raw/pdfs/Notice-of-Meeting-and-Agenda-for-stakeholders.pdf,http://www.luanshyacouncil.gov.zm/wp-content/uploads/2025/12/Notice-of-Meeting-and-Agenda-for-stakeholders.pdf,pdf,notice_minutes,Notice-of-Meeting-and-Agenda-for-stakeholders.pdf,200,607348,1.0,False,False,
data/raw/pdfs/Notice-of-Meeting-DDCC-Dec-2024.pdf,http://www.luanshyacouncil.gov.zm/wp-content/uploads/2025/12/Notice-of-Meeting-DDCC-Dec-2024.pdf,pdf,notice_minutes,Notice-of-Meeting-DDCC-Dec-2024.pdf,200,413140,2.0,False,False,
data/raw/pdfs/Luanshya-District-Community-Projects-2023.pdf,http://www.luanshyacouncil.gov.zm/wp-content/uploads/2025/12/Luanshya-District-Community-Projects-2023.pdf,pdf,cdf_project_list,Luanshya-District-Community-Projects-2023.pdf,200,224023,10.0,True,True,
data/raw/pdfs/LUANSHYA-DISTRICT-CONSOLIDATED-COMMUNITY-PROJECTS-UNDER-CDF-FROM-2022-TO-2025.pdf,http://www.luanshyacouncil.gov.zm/wp-content/uploads/2025/12/LUANSHYA-DISTRICT-CONSOLIDATED-COMMUNITY-PROJECTS-UNDER-CDF-FROM-2022-TO-2025.pdf,pdf,cdf_project_list,LUANSHYA-DISTRICT-CONSOLIDATED-COMMUNITY-PROJECTS-UNDER-CDF-FROM-2022-TO-2025.pdf,200,228013,8.0,True,True,
data/raw/pdfs/LOAN-APPLICATION-FORM.pdf,http://www.luanshyacouncil.gov.zm/wp-content/uploads/2025/12/LOAN-APPLICATION-FORM.pdf,pdf,cdf_beneficiary_list,LOAN-APPLICATION-FORM.pdf,200,988129,13.0,True,True,
data/raw/pdfs/LMC-CITIZEN-ENGAGEMENT-STRATEGY-18122025.pdf,http://www.luanshyacouncil.gov.zm/wp-content/uploads/2025/12/LMC-CITIZEN-ENGAGEMENT-STRATEGY-18122025.pdf,pdf,misc,LMC-CITIZEN-ENGAGEMENT-STRATEGY-18122025.pdf,200,6106806,8.0,False,False,
data/raw/pdfs/LMC-Bi-Annual-Performance-Report-final.pdf,http://www.luanshyacouncil.gov.zm/wp-content/uploads/2025/12/LMC-Bi-Annual-Performance-Report-final.pdf,pdf,budget_financial,LMC-Bi-Annual-Performance-Report-final.pdf,200,1593465,11.0,False,False,
data/raw/pdfs/FINANCIAL-STATEMENTS-FOR-YEAR-ENDED-31ST-DECEMBER-2023.pdf,http://www.luanshyacouncil.gov.zm/wp-content/uploads/2025/12/FINANCIAL-STATEMENTS-FOR-YEAR-ENDED-31ST-DECEMBER-2023.pdf,pdf,budget_financial,FINANCIAL-STATEMENTS-FOR-YEAR-ENDED-31ST-DECEMBER-2023.pdf,200,1448567,42.0,True,True,
data/raw/pdfs/FINANCIAL-STATEMENTS-FOR-YEAR-ENDED-31ST-DECEMBER-2022.pdf,http://www.luanshyacouncil.gov.zm/wp-content/uploads/2025/12/FINANCIAL-STATEMENTS-FOR-YEAR-ENDED-31ST-DECEMBER-2022.pdf,pdf,budget_financial,FINANCIAL-STATEMENTS-FOR-YEAR-ENDED-31ST-DECEMBER-2022.pdf,200,512125,40.0,True,False,
data/raw/pdfs/FINANCIAL-STATEMENTS-FOR-YEAR-ENDED-31ST-DECEMBER-2021.pdf,http://www.luanshyacouncil.gov.zm/wp-content/uploads/2025/12/FINANCIAL-STATEMENTS-FOR-YEAR-ENDED-31ST-DECEMBER-2021.pdf,pdf,budget_financial,FINANCIAL-STATEMENTS-FOR-YEAR-ENDED-31ST-DECEMBER-2021.pdf,200,978649,40.0,True,False,
data/raw/pdfs/FINANCIAL-STATEMENTS-FOR-YEAR-ENDED-31ST-DECEMBER-2020.pdf,http://www.luanshyacouncil.gov.zm/wp-content/uploads/2025/12/FINANCIAL-STATEMENTS-FOR-YEAR-ENDED-31ST-DECEMBER-2020.pdf,pdf,budget_financial,FINANCIAL-STATEMENTS-FOR-YEAR-ENDED-31ST-DECEMBER-2020.pdf,200,1140894,36.0,True,True,
data/raw/pdfs/FINANCIAL-STATEMENTS-FOR-YEAR-ENDED-31ST-DECEMBER-2019.pdf,http://www.luanshyacouncil.gov.zm/wp-content/uploads/2025/12/FINANCIAL-STATEMENTS-FOR-YEAR-ENDED-31ST-DECEMBER-2019.pdf,pdf,budget_financial,FINANCIAL-STATEMENTS-FOR-YEAR-ENDED-31ST-DECEMBER-2019.pdf,200,1242791,37.0,True,False,
data/raw/pdfs/FINANCIAL-STATEMENTS-FOR-YEAR-ENDED-31ST-DECEMBER-2018.pdf,http://www.luanshyacouncil.gov.zm/wp-content/uploads/2025/12/FINANCIAL-STATEMENTS-FOR-YEAR-ENDED-31ST-DECEMBER-2018.pdf,pdf,budget_financial,FINANCIAL-STATEMENTS-FOR-YEAR-ENDED-31ST-DECEMBER-2018.pdf,200,1229897,31.0,True,False,
data/raw/pdfs/CONVEYANCE-NOTIFICATION-OF-MINISTERIAL-APPROVAL-OR-REFUSAL-FOR-COMMUNITY-PROJECTS-UNDER-2025-CDF-FOR-ROAN-CONSTITUENCY.pdf,http://www.luanshyacouncil.gov.zm/wp-content/uploads/2025/12/CONVEYANCE-NOTIFICATION-OF-MINISTERIAL-APPROVAL-OR-REFUSAL-FOR-COMMUNITY-PROJECTS-UNDER-2025-CDF-FOR-ROAN-CONSTITUENCY.pdf,pdf,cdf_project_list,CONVEYANCE-NOTIFICATION-OF-MINISTERIAL-APPROVAL-OR-REFUSAL-FOR-COMMUNITY-PROJECTS-UNDER-2025-CDF-FOR-ROAN-CONSTITUENCY.pdf,200,6044425,10.0,False,False,
data/raw/pdfs/CONVEYANCE-NOTIFICATION-OF-MINISTERIAL-APPROVAL-OR-REFUSAL-FOR-COMMUNITY-PROJECTS-UNDER-2025-CDF-FOR-LUANSHYA-CONSTITUENCY.pdf,http://www.luanshyacouncil.gov.zm/wp-content/uploads/2025/12/CONVEYANCE-NOTIFICATION-OF-MINISTERIAL-APPROVAL-OR-REFUSAL-FOR-COMMUNITY-PROJECTS-UNDER-2025-CDF-FOR-LUANSHYA-CONSTITUENCY.pdf,pdf,cdf_project_list,CONVEYANCE-NOTIFICATION-OF-MINISTERIAL-APPROVAL-OR-REFUSAL-FOR-COMMUNITY-PROJECTS-UNDER-2025-CDF-FOR-LUANSHYA-CONSTITUENCY.pdf,200,12186420,11.0,False,False,
data/raw/pdfs/Annual-Detailed-Budget-2024.pdf,http://www.luanshyacouncil.gov.zm/wp-content/uploads/2025/12/Annual-Detailed-Budget-2024.pdf,pdf,budget_financial,Annual-Detailed-Budget-2024.pdf,200,575407,8.0,True,True,
data/raw/pdfs/Annual-Detailed-Budget-2023.pdf,http://www.luanshyacouncil.gov.zm/wp-content/uploads/2025/12/Annual-Detailed-Budget-2023.pdf,pdf,budget_financial,Annual-Detailed-Budget-2023.pdf,200,1397449,43.0,True,True,
data/raw/pdfs/Annual-Detailed-Budget-2022.pdf,http://www.luanshyacouncil.gov.zm/wp-content/uploads/2025/12/Annual-Detailed-Budget-2022.pdf,pdf,budget_financial,Annual-Detailed-Budget-2022.pdf,200,904580,13.0,True,True,
data/raw/pdfs/Annual-Detailed-Budget-2021.pdf,http://www.luanshyacouncil.gov.zm/wp-content/uploads/2025/12/Annual-Detailed-Budget-2021.pdf,pdf,budget_financial,Annual-Detailed-Budget-2021.pdf,200,822147,103.0,True,False,
data/raw/pdfs/Annual-Detailed-Budget-2020.pdf,http://www.luanshyacouncil.gov.zm/wp-content/uploads/2025/12/Annual-Detailed-Budget-2020.pdf,pdf,budget_financial,Annual-Detailed-Budget-2020.pdf,200,970001,94.0,True,False,
data/raw/pdfs/Annual-Detailed-Budget-2019.pdf,http://www.luanshyacouncil.gov.zm/wp-content/uploads/2025/12/Annual-Detailed-Budget-2019.pdf,pdf,budget_financial,Annual-Detailed-Budget-2019.pdf,200,813597,76.0,True,False,
data/raw/pdfs/Annual-Detailed-Budget-2018.pdf,http://www.luanshyacouncil.gov.zm/wp-content/uploads/2025/12/Annual-Detailed-Budget-2018.pdf,pdf,budget_financial,Annual-Detailed-Budget-2018.pdf,200,828301,76.0,True,False,
data/raw/pdfs/2026-Approved-list-for-Secondary-boarding-school-and-skills-development.pdf,http://www.luanshyacouncil.gov.zm/wp-content/uploads/2025/12/2026-Approved-list-for-Secondary-boarding-school-and-skills-development.pdf,pdf,cdf_beneficiary_list,2026-Approved-list-for-Secondary-boarding-school-and-skills-development.pdf,200,17166648,20.0,False,False,
data/raw/pdfs/2026-APPROVED-LIST-OF-EMPOWERMENT-GRANTS-ROAN-CONSTITUENCY.-.pdf,http://www.luanshyacouncil.gov.zm/wp-content/uploads/2025/12/2026-APPROVED-LIST-OF-EMPOWERMENT-GRANTS-ROAN-CONSTITUENCY.-.pdf,pdf,cdf_beneficiary_list,2026-APPROVED-LIST-OF-EMPOWERMENT-GRANTS-ROAN-CONSTITUENCY.-.pdf,200,6412907,11.0,False,False,
data/raw/pdfs/2026-APPROVED-LIST-OF-EMPOWERMENT-GRANTS-LUANSHYA-CONSTITUENCY.pdf,http://www.luanshyacouncil.gov.zm/wp-content/uploads/2025/12/2026-APPROVED-LIST-OF-EMPOWERMENT-GRANTS-LUANSHYA-CONSTITUENCY.pdf,pdf,cdf_beneficiary_list,2026-APPROVED-LIST-OF-EMPOWERMENT-GRANTS-LUANSHYA-CONSTITUENCY.pdf,200,6255270,10.0,False,False,
data/raw/pdfs/2025-Public-Notice-Stakeholder-Engagement.pdf,http://www.luanshyacouncil.gov.zm/wp-content/uploads/2025/12/2025-Public-Notice-Stakeholder-Engagement.pdf,pdf,notice_minutes,2025-Public-Notice-Stakeholder-Engagement.pdf,200,504806,1.0,False,False,
data/raw/pdfs/2025-Proposed-Community-Projects.pdf,http://www.luanshyacouncil.gov.zm/wp-content/uploads/2025/12/2025-Proposed-Community-Projects.pdf,pdf,cdf_project_list,2025-Proposed-Community-Projects.pdf,200,7391961,12.0,False,False,
data/raw/pdfs/2025-Not-Approved-Community-Projects.pdf,http://www.luanshyacouncil.gov.zm/wp-content/uploads/2025/12/2025-Not-Approved-Community-Projects.pdf,pdf,cdf_project_list,2025-Not-Approved-Community-Projects.pdf,200,5546055,11.0,False,False,
data/raw/pdfs/2025-Approved-Community-Projects.pdf,http://www.luanshyacouncil.gov.zm/wp-content/uploads/2025/12/2025-Approved-Community-Projects.pdf,pdf,cdf_project_list,2025-Approved-Community-Projects.pdf,200,2291938,4.0,False,False,
data/raw/pdfs/2024-Business-Stakeholder-Engagement-Plan.pdf,http://www.luanshyacouncil.gov.zm/wp-content/uploads/2025/12/2024-Business-Stakeholder-Engagement-Plan.pdf,pdf,misc,2024-Business-Stakeholder-Engagement-Plan.pdf,200,4048435,6.0,False,False,
data/raw/pdfs/2024-Budget-Stakeholders-Minutes-17122025.pdf,http://www.luanshyacouncil.gov.zm/wp-content/uploads/2025/12/2024-Budget-Stakeholders-Minutes-17122025.pdf,pdf,budget_financial,2024-Budget-Stakeholders-Minutes-17122025.pdf,200,3612973,7.0,False,False,
data/raw/pdfs/MINUTES_OF_THE_2024_STAKEHOLDER_ENGAGEMENT_ON_CDF_REVIEW1.pdf,http://www.luanshyacouncil.gov.zm/wp-content/uploads/2025/11/MINUTES_OF_THE_2024_STAKEHOLDER_ENGAGEMENT_ON_CDF_REVIEW1.pdf,pdf,notice_minutes,MINUTES_OF_THE_2024_STAKEHOLDER_ENGAGEMENT_ON_CDF_REVIEW1.pdf,200,35136922,31.0,False,False,
data/raw/pdfs/LMC-2024-Financial-Statement.pdf,http://www.luanshyacouncil.gov.zm/wp-content/uploads/2025/11/LMC-2024-Financial-Statement.pdf,pdf,budget_financial,LMC-2024-Financial-Statement.pdf,200,9077284,45.0,False,False,
data/raw/pdfs/2024-Business-Stakeholder-Engagement.pdf,http://www.luanshyacouncil.gov.zm/wp-content/uploads/2025/11/2024-Business-Stakeholder-Engagement.pdf,pdf,misc,2024-Business-Stakeholder-Engagement.pdf,200,16103696,22.0,False,False,
data/raw/pdfs/2024-Audit-Opinion.pdf,http://www.luanshyacouncil.gov.zm/wp-content/uploads/2025/11/2024-Audit-Opinion.pdf,pdf,budget_financial,2024-Audit-Opinion.pdf,200,786265,4.0,False,False,
data/raw/pdfs/LUANSHYA-DISTRICT-2025-VR-DEPLOYMENT-PLAN-FINAL-DRAFT.pdf,http://www.luanshyacouncil.gov.zm/wp-content/uploads/2025/10/LUANSHYA-DISTRICT-2025-VR-DEPLOYMENT-PLAN-FINAL-DRAFT.pdf,pdf,misc,LUANSHYA-DISTRICT-2025-VR-DEPLOYMENT-PLAN-FINAL-DRAFT.pdf,200,121369,14.0,True,True,
data/raw/pdfs/loan-Agreement.pdf,http://www.luanshyacouncil.gov.zm/wp-content/uploads/2025/08/loan-Agreement.pdf,pdf,cdf_beneficiary_list,loan-Agreement.pdf,200,1611234,3.0,False,False,
data/raw/pdfs/SECONDARY-BOARDING-SCHOOL-BURSARY-APPLICATION-FORM.pdf,http://www.luanshyacouncil.gov.zm/wp-content/uploads/2025/08/SECONDARY-BOARDING-SCHOOL-BURSARY-APPLICATION-FORM.pdf,pdf,cdf_beneficiary_list,SECONDARY-BOARDING-SCHOOL-BURSARY-APPLICATION-FORM.pdf,200,247968,10.0,True,True,
data/raw/pdfs/CDF-ADVERTS-EXTENSION.pdf,http://www.luanshyacouncil.gov.zm/wp-content/uploads/2025/08/CDF-ADVERTS-EXTENSION.pdf,pdf,application_form,CDF-ADVERTS-EXTENSION.pdf,200,971741,1.0,False,False,
data/raw/pdfs/2025-APPROVED-COMMUNITY-PROJECTS-1.pdf,http://www.luanshyacouncil.gov.zm/wp-content/uploads/2025/08/2025-APPROVED-COMMUNITY-PROJECTS-1.pdf,pdf,cdf_project_list,2025-APPROVED-COMMUNITY-PROJECTS-1.pdf,200,496142,15.0,True,True,
data/raw/pdfs/2024-APPROVED-COMMUNITY-PROJECTS.pdf,http://www.luanshyacouncil.gov.zm/wp-content/uploads/2025/08/2024-APPROVED-COMMUNITY-PROJECTS.pdf,pdf,cdf_project_list,2024-APPROVED-COMMUNITY-PROJECTS.pdf,200,302604,7.0,True,True,
data/raw/pdfs/2026-CDF-Skills-Development-Bursary.pdf,http://www.luanshyacouncil.gov.zm/wp-content/uploads/2025/07/2026-CDF-Skills-Development-Bursary.pdf,pdf,cdf_beneficiary_list,2026-CDF-Skills-Development-Bursary.pdf,200,158318,1.0,False,False,
data/raw/pdfs/2026-CDF-Secondary-School-Bursary.pdf,http://www.luanshyacouncil.gov.zm/wp-content/uploads/2025/07/2026-CDF-Secondary-School-Bursary.pdf,pdf,cdf_beneficiary_list,2026-CDF-Secondary-School-Bursary.pdf,200,152728,1.0,False,False,
data/raw/pdfs/2026-CDF-Empowerment-Grants.pdf,http://www.luanshyacouncil.gov.zm/wp-content/uploads/2025/07/2026-CDF-Empowerment-Grants.pdf,pdf,cdf_beneficiary_list,2026-CDF-Empowerment-Grants.pdf,200,155055,1.0,False,False,
data/raw/pdfs/2026-CDF-Community-Projects.pdf,http://www.luanshyacouncil.gov.zm/wp-content/uploads/2025/07/2026-CDF-Community-Projects.pdf,pdf,cdf_project_list,2026-CDF-Community-Projects.pdf,200,156801,1.0,False,False,
data/raw/pdfs/LUANSHYA-MUNICIPAL-COUNCIL-TODAY-002-ok.pdf,http://www.luanshyacouncil.gov.zm/wp-content/uploads/2025/04/LUANSHYA-MUNICIPAL-COUNCIL-TODAY-002-ok.pdf,pdf,misc,LUANSHYA-MUNICIPAL-COUNCIL-TODAY-002-ok.pdf,200,26709656,20.0,True,False,
data/raw/pdfs/2025-LMC-Calendar-of-Meetings.pdf,http://www.luanshyacouncil.gov.zm/wp-content/uploads/2025/04/2025-LMC-Calendar-of-Meetings.pdf,pdf,notice_minutes,2025-LMC-Calendar-of-Meetings.pdf,200,364153,1.0,True,True,
data/raw/pdfs/SOP-CULTURAL-MATTERS.-PRINT-READY.pdf,http://www.luanshyacouncil.gov.zm/wp-content/uploads/2025/03/SOP-CULTURAL-MATTERS.-PRINT-READY.pdf,pdf,misc,SOP-CULTURAL-MATTERS.-PRINT-READY.pdf,200,2745441,34.0,True,True,
data/raw/pdfs/NA_Z_Standard_Operating_Procedures_HARID__FINAL1-2-003_Finalized_CM.pdf,http://www.luanshyacouncil.gov.zm/wp-content/uploads/2025/03/NA_Z_Standard_Operating_Procedures_HARID__FINAL1-2-003_Finalized_CM.pdf,pdf,misc,NA_Z_Standard_Operating_Procedures_HARID__FINAL1-2-003_Finalized_CM.pdf,200,827607,25.0,True,True,
data/raw/pdfs/Roan-2025-Grants-.pdf,http://www.luanshyacouncil.gov.zm/wp-content/uploads/2025/01/Roan-2025-Grants-.pdf,pdf,cdf_beneficiary_list,Roan-2025-Grants-.pdf,200,3007395,6.0,False,False,
data/raw/pdfs/Grants-2025-Luanshya-.pdf,http://www.luanshyacouncil.gov.zm/wp-content/uploads/2025/01/Grants-2025-Luanshya-.pdf,pdf,cdf_beneficiary_list,Grants-2025-Luanshya-.pdf,200,3707208,10.0,False,False,
data/raw/pdfs/CamScanner-01-17-2025-10.37.pdf,http://www.luanshyacouncil.gov.zm/wp-content/uploads/2025/01/CamScanner-01-17-2025-10.37.pdf,pdf,misc,CamScanner-01-17-2025-10.37.pdf,200,1006659,2.0,False,False,
data/raw/pdfs/2025-Luanshya-Constituency-Loans-.pdf,http://www.luanshyacouncil.gov.zm/wp-content/uploads/2025/01/2025-Luanshya-Constituency-Loans-.pdf,pdf,cdf_beneficiary_list,2025-Luanshya-Constituency-Loans-.pdf,200,2626407,8.0,False,False,
data/raw/pdfs/APPROVED-LIST-2025-SKILLS-BURSURIES-FOR-ROAN-CONSTITUENCY.pdf,http://www.luanshyacouncil.gov.zm/wp-content/uploads/2024/12/APPROVED-LIST-2025-SKILLS-BURSURIES-FOR-ROAN-CONSTITUENCY.pdf,pdf,cdf_beneficiary_list,APPROVED-LIST-2025-SKILLS-BURSURIES-FOR-ROAN-CONSTITUENCY.pdf,200,218248,5.0,True,True,
data/raw/pdfs/APPROVED-LIST-2025-SECONDARY-SCHOOL-BURSURIES-FOR-ROAN-CONSTITUENCY.pdf,http://www.luanshyacouncil.gov.zm/wp-content/uploads/2024/12/APPROVED-LIST-2025-SECONDARY-SCHOOL-BURSURIES-FOR-ROAN-CONSTITUENCY.pdf,pdf,cdf_beneficiary_list,APPROVED-LIST-2025-SECONDARY-SCHOOL-BURSURIES-FOR-ROAN-CONSTITUENCY.pdf,200,577041,1.0,True,True,
data/raw/pdfs/LUANSHYA-CDF-TODAY-08-NEWSLETTER.pdf,http://www.luanshyacouncil.gov.zm/wp-content/uploads/2024/10/LUANSHYA-CDF-TODAY-08-NEWSLETTER.pdf,pdf,misc,LUANSHYA-CDF-TODAY-08-NEWSLETTER.pdf,200,7237766,16.0,True,True,
data/raw/pdfs/Stakeholder_minutes1-1.pdf,http://www.luanshyacouncil.gov.zm/wp-content/uploads/2024/09/Stakeholder_minutes1-1.pdf,pdf,notice_minutes,Stakeholder_minutes1-1.pdf,200,134384,7.0,True,True,
data/raw/pdfs/CDF-GUIDELINES-2.pdf,http://www.luanshyacouncil.gov.zm/wp-content/uploads/2024/09/CDF-GUIDELINES-2.pdf,pdf,misc,CDF-GUIDELINES-2.pdf,200,18439386,95.0,True,True,
data/raw/pdfs/AG-Report-LMC.pdf,http://www.luanshyacouncil.gov.zm/wp-content/uploads/2024/09/AG-Report-LMC.pdf,pdf,misc,AG-Report-LMC.pdf,200,714776,3.0,False,False,
data/raw/pdfs/ACT-No.-1-OF-2024-THE-CONSTITUENCY-DEVELOPMENT-FUND.pdf,http://www.luanshyacouncil.gov.zm/wp-content/uploads/2024/09/ACT-No.-1-OF-2024-THE-CONSTITUENCY-DEVELOPMENT-FUND.pdf,pdf,legal_regulatory,ACT-No.-1-OF-2024-THE-CONSTITUENCY-DEVELOPMENT-FUND.pdf,200,428622,18.0,True,False,
data/raw/pdfs/National-Decentralisation-Policy-2023.pdf,http://www.luanshyacouncil.gov.zm/wp-content/uploads/2024/08/National-Decentralisation-Policy-2023.pdf,pdf,misc,National-Decentralisation-Policy-2023.pdf,200,17994968,40.0,True,True,
data/raw/pdfs/BOOK-1-A4.pdf,http://www.luanshyacouncil.gov.zm/wp-content/uploads/2024/08/BOOK-1-A4.pdf,pdf,misc,BOOK-1-A4.pdf,200,17904205,28.0,True,False,
data/raw/pdfs/LMC-ECZ_2021.pdf,http://www.luanshyacouncil.gov.zm/wp-content/uploads/2024/07/LMC-ECZ_2021.pdf,pdf,misc,LMC-ECZ_2021.pdf,200,215878,1.0,False,False,
data/raw/pdfs/CDF-Community-Projects-Application-Form.pdf,http://www.luanshyacouncil.gov.zm/wp-content/uploads/2023/11/CDF-Community-Projects-Application-Form.pdf,pdf,cdf_project_list,CDF-Community-Projects-Application-Form.pdf,200,123647,4.0,True,True,
