document_title|year|ward|project_name|allocated_amount_zmw|status|source_url
LMC 2024 Community Projects|2024|N/A|PROVINCE|0|Approved|https://www.luanshyacouncil.gov.zm/wp-content/uploads/2025/08/LMC-2024-Community-Projects.pdf
Luanshya-District-Community-Projects-2023.pdf|2023|N/A|No.|0|Approved|http://www.luanshyacouncil.gov.zm/wp-content/uploads/2025/12/Luanshya-District-Community-Projects-2023.pdf
Luanshya-District-Community-Projects-2023.pdf|2023|N/A|1|0|Approved|http://www.luanshyacouncil.gov.zm/wp-content/uploads/2025/12/Luanshya-District-Community-Projects-2023.pdf
Luanshya-District-Community-Projects-2023.pdf|2023|N/A|2|0|Approved|http://www.luanshyacouncil.gov.zm/wp-content/uploads/2025/12/Luanshya-District-Community-Projects-2023.pdf
Luanshya-District-Community-Projects-2023.pdf|2023|N/A|3|0|Approved|http://www.luanshyacouncil.gov.zm/wp-content/uploads/2025/12/Luanshya-District-Community-Projects-2023.pdf
Luanshya-District-Community-Projects-2023.pdf|2023|N/A|4|0|Approved|http://www.luanshyacouncil.gov.zm/wp-content/uploads/2025/12/Luanshya-District-Community-Projects-2023.pdf
Luanshya-District-Community-Projects-2023.pdf|2023|N/A|5|0|Approved|http://www.luanshyacouncil.gov.zm/wp-content/uploads/2025/12/Luanshya-District-Community-Projects-2023.pdf
Luanshya-District-Community-Projects-2023.pdf|2023|N/A|6|0|Approved|http://www.luanshyacouncil.gov.zm/wp-content/uploads/2025/12/Luanshya-District-Community-Projects-2023.pdf
Luanshya-District-Community-Projects-2023.pdf|2023|N/A|7|0|Approved|http://www.luanshyacouncil.gov.zm/wp-content/uploads/2025/12/Luanshya-District-Community-Projects-2023.pdf
Luanshya-District-Community-Projects-2023.pdf|2023|N/A|8|0|Approved|http://www.luanshyacouncil.gov.zm/wp-content/uploads/2025/12/Luanshya-District-Community-Projects-2023.pdf
Luanshya-District-Community-Projects-2023.pdf|2023|N/A|9|0|Approved|http://www.luanshyacouncil.gov.zm/wp-content/uploads/2025/12/Luanshya-District-Community-Projects-2023.pdf
Luanshya-District-Community-Projects-2023.pdf|2023|N/A|10|0|Approved|http://www.luanshyacouncil.gov.zm/wp-content/uploads/2025/12/Luanshya-District-Community-Projects-2023.pdf
Luanshya-District-Community-Projects-2023.pdf|2023|N/A|11|0|Approved|http://www.luanshyacouncil.gov.zm/wp-content/uploads/2025/12/Luanshya-District-Community-Projects-2023.pdf
LUANSHYA-DISTRICT-CONSOLIDATED-COMMUNITY-PROJECTS-UNDER-CDF-FROM-2022-TO-2025.pdf|2022|N/A|1 Construction and rehabilitation of water Mpelembe luanshya 2022 14 03 2023 10 11 2023 100%Completed and 97,000.00 97,000.00 0% reticulation at the new town market. commissioned|0|Approved|http://www.luanshyacouncil.gov.zm/wp-content/uploads/2025/12/LUANSHYA-DISTRICT-CONSOLIDATED-COMMUNITY-PROJECTS-UNDER-CDF-FROM-2022-TO-2025.pdf
LUANSHYA-DISTRICT-CONSOLIDATED-COMMUNITY-PROJECTS-UNDER-CDF-FROM-2022-TO-2025.pdf|2022|N/A|2 Elohim Primary School Construction Of Baluba luanshya 2022 30 12 2022 17 06 2023 100%Completed and 861,000.00 663,547.83 0% 1x3 Classroom Block commissioned|0|Approved|http://www.luanshyacouncil.gov.zm/wp-content/uploads/2025/12/LUANSHYA-DISTRICT-CONSOLIDATED-COMMUNITY-PROJECTS-UNDER-CDF-FROM-2022-TO-2025.pdf
LUANSHYA-DISTRICT-CONSOLIDATED-COMMUNITY-PROJECTS-UNDER-CDF-FROM-2022-TO-2025.pdf|2022|N/A|3 Construction of ablution block at Baluba luanshya 2022 24 03 2023 18 01 2024 100%Completed and 551,376.00 551,376.00 0% Elohim school commissioned|0|Approved|http://www.luanshyacouncil.gov.zm/wp-content/uploads/2025/12/LUANSHYA-DISTRICT-CONSOLIDATED-COMMUNITY-PROJECTS-UNDER-CDF-FROM-2022-TO-2025.pdf
LUANSHYA-DISTRICT-CONSOLIDATED-COMMUNITY-PROJECTS-UNDER-CDF-FROM-2022-TO-2025.pdf|2022|N/A|4 Construction and Rehabilitation of Roads Kamuchanga- luanshya 2022 30 09 2023 11 03 2025 100%Completed and 4,186,451.26 4,186,451.26 0% - Mwaiseni -Kamuchanga phase 1 Mwaiseni commissioned|0|Approved|http://www.luanshyacouncil.gov.zm/wp-content/uploads/2025/12/LUANSHYA-DISTRICT-CONSOLIDATED-COMMUNITY-PROJECTS-UNDER-CDF-FROM-2022-TO-2025.pdf
LUANSHYA-DISTRICT-CONSOLIDATED-COMMUNITY-PROJECTS-UNDER-CDF-FROM-2022-TO-2025.pdf|2022|N/A|5 Rehabilitation of drainages mipundu Mipundu luanshya 2022 30 12 2022 11 03 2025 100%Completed and 484,677.89 436,271.52 0% Phase 1 commissioned|0|Approved|http://www.luanshyacouncil.gov.zm/wp-content/uploads/2025/12/LUANSHYA-DISTRICT-CONSOLIDATED-COMMUNITY-PROJECTS-UNDER-CDF-FROM-2022-TO-2025.pdf
LUANSHYA-DISTRICT-CONSOLIDATED-COMMUNITY-PROJECTS-UNDER-CDF-FROM-2022-TO-2025.pdf|2022|N/A|6 Rehabilitation of Thompson drives way James Phiri luanshya 2022 30 12 2022 24 03 2023 100%Completed and 750,000.00 750,000.00 0% and parking lot. commissioned|0|Approved|http://www.luanshyacouncil.gov.zm/wp-content/uploads/2025/12/LUANSHYA-DISTRICT-CONSOLIDATED-COMMUNITY-PROJECTS-UNDER-CDF-FROM-2022-TO-2025.pdf
LUANSHYA-DISTRICT-CONSOLIDATED-COMMUNITY-PROJECTS-UNDER-CDF-FROM-2022-TO-2025.pdf|2022|N/A|7 Rehabilitation of the Ablution Block at Mipundu luanshya 2022 30 12 2022 28 03 2023 100%Completed and 759,000.00 759,000.00 0% Mipundu commissioned|0|Approved|http://www.luanshyacouncil.gov.zm/wp-content/uploads/2025/12/LUANSHYA-DISTRICT-CONSOLIDATED-COMMUNITY-PROJECTS-UNDER-CDF-FROM-2022-TO-2025.pdf
LUANSHYA-DISTRICT-CONSOLIDATED-COMMUNITY-PROJECTS-UNDER-CDF-FROM-2022-TO-2025.pdf|2022|N/A|8 Construction of 1x3 classroom block at Chawama luanshya 2022 30 12 2022 08 08 2023 100%Completed and 825,000.00 662,447.83 0% Kakumba commissioned|0|Approved|http://www.luanshyacouncil.gov.zm/wp-content/uploads/2025/12/LUANSHYA-DISTRICT-CONSOLIDATED-COMMUNITY-PROJECTS-UNDER-CDF-FROM-2022-TO-2025.pdf
LUANSHYA-DISTRICT-CONSOLIDATED-COMMUNITY-PROJECTS-UNDER-CDF-FROM-2022-TO-2025.pdf|2022|N/A|9 Construction and rehabilitation of roads Buteko luanshya 2022 01 06 2023 30 06 2023 100%Completed and 109,003.07 109,003.07 0% (Buteko ward) commissioned|0|Approved|http://www.luanshyacouncil.gov.zm/wp-content/uploads/2025/12/LUANSHYA-DISTRICT-CONSOLIDATED-COMMUNITY-PROJECTS-UNDER-CDF-FROM-2022-TO-2025.pdf
LUANSHYA-DISTRICT-CONSOLIDATED-COMMUNITY-PROJECTS-UNDER-CDF-FROM-2022-TO-2025.pdf|2022|N/A|10 Newtown – Chawama Clinic Chawama luanshya 2022 01 06 2023 30 06 2023 100%Completed and 171,882.14 171,882.14 0% commissioned|0|Approved|http://www.luanshyacouncil.gov.zm/wp-content/uploads/2025/12/LUANSHYA-DISTRICT-CONSOLIDATED-COMMUNITY-PROJECTS-UNDER-CDF-FROM-2022-TO-2025.pdf
LUANSHYA-DISTRICT-CONSOLIDATED-COMMUNITY-PROJECTS-UNDER-CDF-FROM-2022-TO-2025.pdf|2022|N/A|11 Off T3 – Misaka Clinic (Zaffico Area) Baluba luanshya 2022 01 07 2023 25 07 2023 100%Completed and 89,453.30 89,543.30 0% commissioned|0|Approved|http://www.luanshyacouncil.gov.zm/wp-content/uploads/2025/12/LUANSHYA-DISTRICT-CONSOLIDATED-COMMUNITY-PROJECTS-UNDER-CDF-FROM-2022-TO-2025.pdf
LUANSHYA-DISTRICT-CONSOLIDATED-COMMUNITY-PROJECTS-UNDER-CDF-FROM-2022-TO-2025.pdf|2022|N/A|12 Off T3 – Kakumba Primary School Chawama luanshya 2022 30 07 2023 20 08 2023 100%Completed and 87,369.49 87,369.49 0% commissioned|0|Approved|http://www.luanshyacouncil.gov.zm/wp-content/uploads/2025/12/LUANSHYA-DISTRICT-CONSOLIDATED-COMMUNITY-PROJECTS-UNDER-CDF-FROM-2022-TO-2025.pdf
LUANSHYA-DISTRICT-CONSOLIDATED-COMMUNITY-PROJECTS-UNDER-CDF-FROM-2022-TO-2025.pdf|2022|N/A|13 Off Kafubu Block – Kapenda Clinic Chitwi luanshya 2022 01 09 2023 30 09 2023 100%Completed and 157,858.25 157,858.25 0% commissioned|0|Approved|http://www.luanshyacouncil.gov.zm/wp-content/uploads/2025/12/LUANSHYA-DISTRICT-CONSOLIDATED-COMMUNITY-PROJECTS-UNDER-CDF-FROM-2022-TO-2025.pdf
LUANSHYA-DISTRICT-CONSOLIDATED-COMMUNITY-PROJECTS-UNDER-CDF-FROM-2022-TO-2025.pdf|2022|N/A|14 Misaka Foot Bridge Baluba luanshya 2022 30 12 2022 22 03 2024 100%Completed and 809,010.60 838,010.60 0% commissioned|0|Approved|http://www.luanshyacouncil.gov.zm/wp-content/uploads/2025/12/LUANSHYA-DISTRICT-CONSOLIDATED-COMMUNITY-PROJECTS-UNDER-CDF-FROM-2022-TO-2025.pdf
LUANSHYA-DISTRICT-CONSOLIDATED-COMMUNITY-PROJECTS-UNDER-CDF-FROM-2022-TO-2025.pdf|2022|N/A|15 Completion of Chitwi Market Shelter Chitwi luanshya 2022 13 01 2023 28 08 2023 100%Completed and 345,212.30 305,575.00 0% commissioned|0|Approved|http://www.luanshyacouncil.gov.zm/wp-content/uploads/2025/12/LUANSHYA-DISTRICT-CONSOLIDATED-COMMUNITY-PROJECTS-UNDER-CDF-FROM-2022-TO-2025.pdf
LUANSHYA-DISTRICT-CONSOLIDATED-COMMUNITY-PROJECTS-UNDER-CDF-FROM-2022-TO-2025.pdf|2022|N/A|16 Rehabilitaion and Completion Walale Twashuka luanshya 2022 13 01 2023 19 01 2024 100%Completed and 362,676.80 314,795.89 0% Market Shelter - commissioned|0|Approved|http://www.luanshyacouncil.gov.zm/wp-content/uploads/2025/12/LUANSHYA-DISTRICT-CONSOLIDATED-COMMUNITY-PROJECTS-UNDER-CDF-FROM-2022-TO-2025.pdf
LUANSHYA-DISTRICT-CONSOLIDATED-COMMUNITY-PROJECTS-UNDER-CDF-FROM-2022-TO-2025.pdf|2022|N/A|17 Completion of the Construction of an Mikomfwa luanshya 2022 06 01 2023 19 05 2023 100%Completed and 430,067.30 425,795.89 Abluton Block at Mikomfwa Main commissioned Market - Phase 2|0|Approved|http://www.luanshyacouncil.gov.zm/wp-content/uploads/2025/12/LUANSHYA-DISTRICT-CONSOLIDATED-COMMUNITY-PROJECTS-UNDER-CDF-FROM-2022-TO-2025.pdf
LUANSHYA-DISTRICT-CONSOLIDATED-COMMUNITY-PROJECTS-UNDER-CDF-FROM-2022-TO-2025.pdf|2022|N/A|18 Rehabilitation of Kalala Market - Phase 2Mulungushi luanshya 2022 25 09 2023 11 03 2025 100%Completed and 275,168.50 275,168.50 0% commissioned|0|Approved|http://www.luanshyacouncil.gov.zm/wp-content/uploads/2025/12/LUANSHYA-DISTRICT-CONSOLIDATED-COMMUNITY-PROJECTS-UNDER-CDF-FROM-2022-TO-2025.pdf
LUANSHYA-DISTRICT-CONSOLIDATED-COMMUNITY-PROJECTS-UNDER-CDF-FROM-2022-TO-2025.pdf|2022|N/A|19 Rehabilitation of Buseko Market - Phase Levi chito luanshya 2022 14 03 2023 23 06 2023 100%Completed and 267,906.10 250,050.00 0% 2 commissioned|0|Approved|http://www.luanshyacouncil.gov.zm/wp-content/uploads/2025/12/LUANSHYA-DISTRICT-CONSOLIDATED-COMMUNITY-PROJECTS-UNDER-CDF-FROM-2022-TO-2025.pdf
LUANSHYA-DISTRICT-CONSOLIDATED-COMMUNITY-PROJECTS-UNDER-CDF-FROM-2022-TO-2025.pdf|2022|N/A|20 Grading of Roads in all Wards - 16 No All wards luanshya 2022 01 06 2023 30 06 2023 100%Completed and 480,000.00 480,000.00 0% commissioned|0|Approved|http://www.luanshyacouncil.gov.zm/wp-content/uploads/2025/12/LUANSHYA-DISTRICT-CONSOLIDATED-COMMUNITY-PROJECTS-UNDER-CDF-FROM-2022-TO-2025.pdf
LUANSHYA-DISTRICT-CONSOLIDATED-COMMUNITY-PROJECTS-UNDER-CDF-FROM-2022-TO-2025.pdf|2022|N/A|21 Repair of Ambulances - Phase 2 James Phiri luanshya 2022 25 12 2022 25 03 2023 100%Completed and 205,000.00 200,027.50 0% commissioned|0|Approved|http://www.luanshyacouncil.gov.zm/wp-content/uploads/2025/12/LUANSHYA-DISTRICT-CONSOLIDATED-COMMUNITY-PROJECTS-UNDER-CDF-FROM-2022-TO-2025.pdf
LUANSHYA-DISTRICT-CONSOLIDATED-COMMUNITY-PROJECTS-UNDER-CDF-FROM-2022-TO-2025.pdf|2022|N/A|22 Chibansa Electrification (Payment for James Phiri luanshya 2022 01 06 2022 100%Completed and 20,000.00 20,000.00 0% Zesco connection) commissioned|0|Approved|http://www.luanshyacouncil.gov.zm/wp-content/uploads/2025/12/LUANSHYA-DISTRICT-CONSOLIDATED-COMMUNITY-PROJECTS-UNDER-CDF-FROM-2022-TO-2025.pdf
LUANSHYA-DISTRICT-CONSOLIDATED-COMMUNITY-PROJECTS-UNDER-CDF-FROM-2022-TO-2025.pdf|2022|N/A|23 Kasongo Electrification School phase 1 Fisenge luanshya 2022 01 01 2023 06 06 2023 100%Completed and 320,000.00 318,000.00 0% commissioned|0|Approved|http://www.luanshyacouncil.gov.zm/wp-content/uploads/2025/12/LUANSHYA-DISTRICT-CONSOLIDATED-COMMUNITY-PROJECTS-UNDER-CDF-FROM-2022-TO-2025.pdf
2025-APPROVED-COMMUNITY-PROJECTS-1.pdf|2025|N/A|No.|0|Approved|http://www.luanshyacouncil.gov.zm/wp-content/uploads/2025/08/2025-APPROVED-COMMUNITY-PROJECTS-1.pdf
2025-APPROVED-COMMUNITY-PROJECTS-1.pdf|2025|N/A|1|0|Approved|http://www.luanshyacouncil.gov.zm/wp-content/uploads/2025/08/2025-APPROVED-COMMUNITY-PROJECTS-1.pdf
2025-APPROVED-COMMUNITY-PROJECTS-1.pdf|2025|N/A|2|0|Approved|http://www.luanshyacouncil.gov.zm/wp-content/uploads/2025/08/2025-APPROVED-COMMUNITY-PROJECTS-1.pdf
2025-APPROVED-COMMUNITY-PROJECTS-1.pdf|2025|N/A|3|0|Approved|http://www.luanshyacouncil.gov.zm/wp-content/uploads/2025/08/2025-APPROVED-COMMUNITY-PROJECTS-1.pdf
2025-APPROVED-COMMUNITY-PROJECTS-1.pdf|2025|N/A|4|0|Approved|http://www.luanshyacouncil.gov.zm/wp-content/uploads/2025/08/2025-APPROVED-COMMUNITY-PROJECTS-1.pdf
2025-APPROVED-COMMUNITY-PROJECTS-1.pdf|2025|N/A|5|0|Approved|http://www.luanshyacouncil.gov.zm/wp-content/uploads/2025/08/2025-APPROVED-COMMUNITY-PROJECTS-1.pdf
2025-APPROVED-COMMUNITY-PROJECTS-1.pdf|2025|N/A|6|0|Approved|http://www.luanshyacouncil.gov.zm/wp-content/uploads/2025/08/2025-APPROVED-COMMUNITY-PROJECTS-1.pdf
2025-APPROVED-COMMUNITY-PROJECTS-1.pdf|2025|N/A|7|0|Approved|http://www.luanshyacouncil.gov.zm/wp-content/uploads/2025/08/2025-APPROVED-COMMUNITY-PROJECTS-1.pdf
2025-APPROVED-COMMUNITY-PROJECTS-1.pdf|2025|N/A|8|0|Approved|http://www.luanshyacouncil.gov.zm/wp-content/uploads/2025/08/2025-APPROVED-COMMUNITY-PROJECTS-1.pdf
2025-APPROVED-COMMUNITY-PROJECTS-1.pdf|2025|N/A|9|0|Approved|http://www.luanshyacouncil.gov.zm/wp-content/uploads/2025/08/2025-APPROVED-COMMUNITY-PROJECTS-1.pdf
2025-APPROVED-COMMUNITY-PROJECTS-1.pdf|2025|Ngebe|Construction of teachers houses|0|Approved|http://www.luanshyacouncil.gov.zm/wp-content/uploads/2025/08/2025-APPROVED-COMMUNITY-PROJECTS-1.pdf
2025-APPROVED-COMMUNITY-PROJECTS-1.pdf|2025|Ngebe|Rehabilitation and Installation of power at section 26|0|Approved|http://www.luanshyacouncil.gov.zm/wp-content/uploads/2025/08/2025-APPROVED-COMMUNITY-PROJECTS-1.pdf
2025-APPROVED-COMMUNITY-PROJECTS-1.pdf|2025|Ngebe|Construction of classroom block|0|Approved|http://www.luanshyacouncil.gov.zm/wp-content/uploads/2025/08/2025-APPROVED-COMMUNITY-PROJECTS-1.pdf
2025-APPROVED-COMMUNITY-PROJECTS-1.pdf|2025|Maposa|Construction of Mortuary|0|Approved|http://www.luanshyacouncil.gov.zm/wp-content/uploads/2025/08/2025-APPROVED-COMMUNITY-PROJECTS-1.pdf
2025-APPROVED-COMMUNITY-PROJECTS-1.pdf|2025|Maposa|Contruction of Classroom|0|Approved|http://www.luanshyacouncil.gov.zm/wp-content/uploads/2025/08/2025-APPROVED-COMMUNITY-PROJECTS-1.pdf
2025-APPROVED-COMMUNITY-PROJECTS-1.pdf|2025|Maposa|Construction of clinic|0|Approved|http://www.luanshyacouncil.gov.zm/wp-content/uploads/2025/08/2025-APPROVED-COMMUNITY-PROJECTS-1.pdf
2025-APPROVED-COMMUNITY-PROJECTS-1.pdf|2025|Mpatamatu|Purchase of Coffin Machine|0|Approved|http://www.luanshyacouncil.gov.zm/wp-content/uploads/2025/08/2025-APPROVED-COMMUNITY-PROJECTS-1.pdf
2025-APPROVED-COMMUNITY-PROJECTS-1.pdf|2025|Kawama|Construction of classroom block|0|Approved|http://www.luanshyacouncil.gov.zm/wp-content/uploads/2025/08/2025-APPROVED-COMMUNITY-PROJECTS-1.pdf
2025-APPROVED-COMMUNITY-PROJECTS-1.pdf|2025|Kawama|Contruction of maternity wing|0|Approved|http://www.luanshyacouncil.gov.zm/wp-content/uploads/2025/08/2025-APPROVED-COMMUNITY-PROJECTS-1.pdf
2025-APPROVED-COMMUNITY-PROJECTS-1.pdf|2025|Kawama|Construction of Teacher Houses|0|Approved|http://www.luanshyacouncil.gov.zm/wp-content/uploads/2025/08/2025-APPROVED-COMMUNITY-PROJECTS-1.pdf
2025-APPROVED-COMMUNITY-PROJECTS-1.pdf|2025|Buyatanshi|Fabrication of 200 desks|0|Approved|http://www.luanshyacouncil.gov.zm/wp-content/uploads/2025/08/2025-APPROVED-COMMUNITY-PROJECTS-1.pdf
2024-APPROVED-COMMUNITY-PROJECTS.pdf|2024|N/A|PROPOSED PROJECTS|0|Approved|http://www.luanshyacouncil.gov.zm/wp-content/uploads/2025/08/2024-APPROVED-COMMUNITY-PROJECTS.pdf
2024-APPROVED-COMMUNITY-PROJECTS.pdf|2024|Buyantashi|1. Rehabilitation of Mpatamatu market 2 grading of roads 3 construction boundary wall at Mpatamatu basic school 4 Drilling of Bores holes|0|Approved|http://www.luanshyacouncil.gov.zm/wp-content/uploads/2025/08/2024-APPROVED-COMMUNITY-PROJECTS.pdf
2024-APPROVED-COMMUNITY-PROJECTS.pdf|2024|Lumumba|1. Completion of boundary wall at Makoma Primary School 2, Rehabilitation of Roan market 3 grading of roads|0|Approved|http://www.luanshyacouncil.gov.zm/wp-content/uploads/2025/08/2024-APPROVED-COMMUNITY-PROJECTS.pdf
